{"BornPoints":[{"ID":1,"position":[14.9499998092651,19.1200008392334,25.2000007629395]},{"ID":2,"position":[6.90000009536743,19.5100002288818,22.5]}],"ExitPoints":[{"ID":1,"position":[14.9574604034424,19.0496311187744,28.9006290435791],"next_scene_ID":13,"next_scene_born_point_ID":1,"type":0,"range":1.0,"visible":1,"questid":0,"privategear":0}],"NPCPoints":[{"uniqueid":0,"id":10073,"pos":[69.7502059936523,19.1512985229492,5.7094612121582],"dir":179.999984741211,"reborn":15.0,"range":80.0,"territory":80.0,"search":0.0,"scale":[1.0,1.0],"num":70,"camp":"NEUTRAL","behavior":0,"ai":0,"level":0,"life":0,"orgstate":0,"privategear":0,"waitaction":"","mapicon":""},{"uniqueid":0,"id":10071,"pos":[69.7502059936523,19.1512985229492,5.7094612121582],"dir":179.999984741211,"reborn":15.0,"range":80.0,"territory":80.0,"search":0.0,"scale":[1.0,1.0],"num":70,"camp":"NEUTRAL","behavior":0,"ai":0,"level":0,"life":0,"orgstate":0,"privategear":0,"waitaction":"","mapicon":""},{"uniqueid":0,"id":10072,"pos":[69.7502059936523,19.1512985229492,5.7094612121582],"dir":179.999984741211,"reborn":15.0,"range":80.0,"territory":80.0,"search":0.0,"scale":[1.0,1.0],"num":70,"camp":"NEUTRAL","behavior":0,"ai":0,"level":0,"life":0,"orgstate":0,"privategear":0,"waitaction":"","mapicon":""}],"ScenicSpots":[]}