{"BornPoints":[{"ID":1,"position":[-7.26999998092651,0.790000021457672,-9.23999977111816]}],"ExitPoints":[{"ID":4,"position":[-9.89253902435303,0.919631958007813,-10.0193710327148],"next_scene_ID":7,"next_scene_born_point_ID":4,"type":0,"range":1.29999995231628,"visible":1,"questid":0,"privategear":0}],"NPCPoints":[{"uniqueid":2,"id":1200,"pos":[-1.71879291534424,2.84029960632324,5.1164608001709],"dir":180.000030517578,"reborn":0.0,"range":0.0,"territory":0.0,"search":0.0,"scale":[1.0,1.0],"num":1,"camp":"NEUTRAL","behavior":0,"ai":0,"level":0,"life":0,"orgstate":0,"privategear":0,"waitaction":"","mapicon":""}],"ScenicSpots":[]}