{"BornPoints":[],"ExitPoints":[],"NPCPoints":[{"uniqueid":0,"id":1149,"pos":[-62.071475982666,2.7012996673584,2.47552633285522],"dir":97.7837142944336,"reborn":0.0,"range":0.0,"territory":0.0,"search":0.0,"scale":[1.0,1.0],"num":1,"camp":"NEUTRAL","behavior":0,"ai":3,"level":0,"life":0,"orgstate":0,"privategear":0,"waitaction":"","mapicon":""}],"ScenicSpots":[],"Raids":{"20002":{"BornPoints":[{"ID":1,"position":[-51.8740997314453,180.259994506836,178.641937255859]}],"ExitPoints":[{"ID":1,"position":[-68.6312408447266,185.300003051758,198.61897277832],"next_scene_ID":0,"next_scene_born_point_ID":0,"type":0,"range":1.0,"visible":1,"questid":0,"privategear":0}],"NPCPoints":[],"ScenicSpots":[],"RaidNPCPoints":[{"uniqueid":301,"id":0,"pos":[-61.5012397766113,185.395935058594,191.90495300293],"dir":340.253540039063,"reborn":0.0,"range":10.0,"territory":10.0,"search":5.0,"scale":[1.0,1.0],"num":0,"camp":"ENEMY","behavior":0,"ai":0,"level":0,"life":1,"orgstate":0,"privategear":0,"waitaction":"","mapicon":""},{"uniqueid":201,"id":0,"pos":[-61.5012397766113,185.415939331055,191.884963989258],"dir":340.253540039063,"reborn":0.0,"range":10.0,"territory":10.0,"search":5.0,"scale":[1.0,1.0],"num":0,"camp":"ENEMY","behavior":0,"ai":0,"level":0,"life":1,"orgstate":0,"privategear":0,"waitaction":"","mapicon":""},{"uniqueid":101,"id":0,"pos":[-61.5412406921387,185.375930786133,191.864974975586],"dir":340.253540039063,"reborn":0.0,"range":10.0,"territory":10.0,"search":5.0,"scale":[1.0,1.0],"num":0,"camp":"ENEMY","behavior":0,"ai":0,"level":0,"life":1,"orgstate":0,"privategear":0,"waitaction":"","mapicon":""}]},"20001":{"BornPoints":[{"ID":1,"position":[-58.3412666320801,2.71000003814697,3.38497400283813]}],"ExitPoints":[{"ID":1,"position":[-58.0712623596191,7.76000022888184,13.774977684021],"next_scene_ID":0,"next_scene_born_point_ID":0,"type":0,"range":1.0,"visible":1,"questid":0,"privategear":0}],"NPCPoints":[],"ScenicSpots":[],"RaidNPCPoints":[{"uniqueid":101,"id":0,"pos":[-80.1706390380859,8.00693702697754,20.81494140625],"dir":340.253540039063,"reborn":0.0,"range":15.0,"territory":10.0,"search":5.0,"scale":[1.0,1.0],"num":0,"camp":"ENEMY","behavior":0,"ai":0,"level":0,"life":1,"orgstate":0,"privategear":0,"waitaction":"","mapicon":""},{"uniqueid":201,"id":0,"pos":[-80.1606369018555,8.00693702697754,20.81494140625],"dir":340.253540039063,"reborn":0.0,"range":15.0,"territory":10.0,"search":5.0,"scale":[1.0,1.0],"num":0,"camp":"ENEMY","behavior":0,"ai":0,"level":0,"life":1,"orgstate":0,"privategear":0,"waitaction":"","mapicon":""},{"uniqueid":301,"id":0,"pos":[-80.1006317138672,8.00693702697754,20.8349418640137],"dir":340.253540039063,"reborn":0.0,"range":15.0,"territory":10.0,"search":5.0,"scale":[1.0,1.0],"num":0,"camp":"ENEMY","behavior":0,"ai":0,"level":0,"life":1,"orgstate":0,"privategear":0,"waitaction":"","mapicon":""}]}}}